,placeId,0,1,3,4,7,8,9,11,13,14,15,16,17,18,19,20,21,22,23,placeLatitude,placeLongitude
0,0391c91d9d088672,,,,,,,,,,"{'#winterclassic': 3, '#newyearrocks': 85, '#seaofblue': 1, '#sherlock': 1, '#hgtvnewyear': 1, '#amazing': 1}","{'#winterclassic': 1, '#newyearrocks': 50, '#seaofblue': 1, '#sherlock': 1, '#awesome': 1, '#sherlocklives': 1, '#2014': 1}","{'#winterclassic': 2, '#newyearrocks': 50, '#awesome': 1, '#sherlocklives': 1}","{'#winterclassic': 1, '#newyearrocks': 61, '#sherlocklives': 2}","{'#sherlock': 2, '#justloveit': 1, '#newyearrocks': 78, '#awesome': 2}","{'#justloveit': 2, '#newyearrocks': 36}",{'#newyearrocks': 11},,,{'#justloveit': 1},46.8569,6.99033
1,074e8e9c015cc007,,,,,,,,,,"{'#winterclassic': 2, '#newyearrocks': 70, '#awesome': 1, '#hgtvnewyear': 1}","{'#sherlock': 1, '#winterclassic': 3, '#newyearrocks': 54}","{'#winterclassic': 5, '#newyearrocks': 61, '#awesome': 1, '#nhl': 1}","{'#winterclassic': 2, '#newyearrocks': 62, '#nhl': 1, '#sherlock': 1, '#hgtvnewyear': 1, '#justloveit': 1}","{'#winterclassic': 3, '#newyearrocks': 97, '#nhl': 2, '#hgtvnewyear': 1, '#justloveit': 2, '#2014': 2, '#awesome': 2}","{'#winterclassic': 3, '#newyearrocks': 54, '#nhl': 1}",{'#newyearrocks': 21},,,,47.4467,9.03195
2,09280ddf24ad77bb,,,,,,,,,{'#justloveit': 1},"{'#winterclassic': 1, '#newyearrocks': 1}",,,,,,,,,,47.4033,7.935010000000001
3,0a0aeb70ec49aaa9,,,,,{'#happynewyear': 1},,,,,,,,,,,,,,,46.4843,6.67325
4,0a827ae5f74beb81,,,,,,,,,,"{'#winterclassic': 1, '#newyearrocks': 94, '#sherlock': 2, '#happynewyear': 2, '#2014': 2, '#amazing': 2, '#sherlocklives': 1}","{'#winterclassic': 2, '#happynewyear': 1, '#newyearrocks': 67, '#sherlocklives': 1, '#amazing': 1}","{'#winterclassic': 1, '#justloveit': 1, '#newyearrocks': 58, '#awesome': 3}","{'#winterclassic': 4, '#sherlocklives': 1, '#newyearrocks': 80, '#2014': 1, '#hgtvnewyear': 2}","{'#winterclassic': 3, '#newyearrocks': 104, '#nhl': 1, '#sherlock': 2, '#justloveit': 1, '#awesome': 1}","{'#winterclassic': 1, '#justloveit': 1, '#newyearrocks': 53, '#awesome': 1}","{'#newyearrocks': 20, '#sherlocklives': 1}",{'#justloveit': 2},,{'#justloveit': 1},47.3937,8.08986
5,103ec739a5cbb358,,,,,,,,,,"{'#winterclassic': 4, '#newyearrocks': 122, '#sherlocklives': 1, '#amazing': 1}","{'#winterclassic': 1, '#newyearrocks': 87, '#awesome': 1, '#amazing': 1}","{'#winterclassic': 1, '#newyearrocks': 74, '#seaofblue': 1, '#2014': 2, '#amazing': 1, '#awesome': 3}","{'#winterclassic': 3, '#newyearrocks': 70, '#awesome': 2, '#sherlocklives': 1}","{'#sherlocklives': 1, '#newyearrocks': 129, '#2014': 2, '#amazing': 1, '#awesome': 2}","{'#winterclassic': 3, '#newyearrocks': 63, '#awesome': 1}","{'#winterclassic': 3, '#newyearrocks': 42, '#amazing': 2}",,,,46.1867,6.97422
6,1067fd7acdcc5620,,,,,,,,,,{'#newyearrocks': 2},,,,,,,,,,47.4746,7.584339999999999
7,119b460e0978eced,,,,,,,,{'#2014': 1},,,,,,,,,,,,46.2687,10.5091
8,15c163bc6534619d,,,,,,,,,,,{'#2014': 1},,,,,{'#2014': 1},,,,46.01,7.3331
9,17f10b76bf7ce828,{'#seaofblue': 1},,,,,,,,,,,,,,,,,,,46.1609,7.11725
10,188500e451165649,,,,,,,,,,"{'#sherlock': 1, '#winterclassic': 2, '#justloveit': 1, '#newyearrocks': 90, '#2014': 1}","{'#sherlock': 1, '#newyearrocks': 48, '#2014': 1, '#sherlocklives': 1}","{'#justloveit': 1, '#newyearrocks': 68}","{'#winterclassic': 1, '#justloveit': 1, '#newyearrocks': 74, '#2014': 1}","{'#winterclassic': 2, '#justloveit': 2, '#newyearrocks': 99, '#amazing': 1}","{'#winterclassic': 2, '#newyearrocks': 43, '#sherlocklives': 1, '#nhl': 1}","{'#newyearrocks': 11, '#seaofblue': 1}",,{'#justloveit': 1},,46.9152,7.013
11,1a82c33b2a4f94d8,,,{'#happynewyear': 1},,,,,,,,,,,,,,,,,46.3812,6.2394300000000005
12,1be4d587b0b58282,,,,,,,,,,"{'#happynewyear': 1, '#newyearrocks': 88, '#awesome': 2, '#sherlocklives': 1}","{'#winterclassic': 1, '#justloveit': 1, '#newyearrocks': 45, '#2014': 1}","{'#winterclassic': 2, '#newyearrocks': 61, '#awesome': 2, '#sherlocklives': 1}","{'#winterclassic': 2, '#happynewyear': 1, '#newyearrocks': 58, '#2014': 1, '#hgtvnewyear': 1}","{'#winterclassic': 2, '#newyearrocks': 90, '#2014': 1, '#nhl': 1}","{'#winterclassic': 1, '#justloveit': 1, '#newyearrocks': 52}","{'#winterclassic': 1, '#newyearrocks': 21, '#nhl': 1}",,,{'#justloveit': 1},46.6274,7.13517
13,203ef641b81380cf,,,,,,,,,,"{'#winterclassic': 2, '#newyearrocks': 93, '#nhl': 1, '#sherlocklives': 2, '#hgtvnewyear': 1, '#2014': 1, '#awesome': 2}","{'#happynewyear': 1, '#newyearrocks': 50, '#awesome': 1}","{'#newyearrocks': 77, '#sherlock': 1, '#justloveit': 1, '#happynewyear': 1, '#2014': 2, '#awesome': 1}","{'#winterclassic': 1, '#newyearrocks': 53, '#hgtvnewyear': 1}","{'#winterclassic': 3, '#newyearrocks': 80, '#nhl': 2, '#sherlock': 2, '#hgtvnewyear': 1, '#2014': 1, '#awesome': 3}","{'#sherlock': 1, '#newyearrocks': 49, '#sherlocklives': 1, '#seaofblue': 1}",{'#newyearrocks': 25},{'#justloveit': 1},,,47.4635,9.371780000000001
14,219161f01e164eeb,,,,,,,,,,"{'#winterclassic': 4, '#newyearrocks': 107, '#nhl': 2, '#sherlock': 2, '#justloveit': 1, '#sherlocklives': 1}","{'#sherlock': 2, '#winterclassic': 2, '#newyearrocks': 96, '#awesome': 2, '#amazing': 1}","{'#winterclassic': 2, '#happynewyear': 2, '#newyearrocks': 78, '#amazing': 1, '#hgtvnewyear': 1}","{'#winterclassic': 5, '#newyearrocks': 100, '#nhl': 2, '#sherlock': 2, '#awesome': 2, '#amazing': 1}","{'#winterclassic': 3, '#newyearrocks': 129, '#awesome': 1, '#amazing': 1, '#sherlocklives': 1}","{'#sherlock': 2, '#newyearrocks': 62, '#2014': 1, '#nhl': 1}","{'#winterclassic': 1, '#newyearrocks': 21, '#sherlock': 1, '#justloveit': 2, '#2014': 1, '#sherlocklives': 1}",,,{'#justloveit': 1},47.2372,7.07976
15,224e134f6f590748,,,,,,,,,,"{'#winterclassic': 1, '#newyearrocks': 105, '#2014': 1, '#nhl': 1, '#sherlocklives': 1}","{'#winterclassic': 5, '#newyearrocks': 88}","{'#winterclassic': 1, '#newyearrocks': 69, '#sherlock': 1, '#justloveit': 1, '#happynewyear': 2, '#2014': 1, '#sherlocklives': 1}","{'#sherlock': 1, '#winterclassic': 3, '#happynewyear': 2, '#newyearrocks': 82, '#2014': 1}","{'#winterclassic': 1, '#newyearrocks': 112, '#seaofblue': 1, '#sherlock': 1, '#hgtvnewyear': 1, '#happynewyear': 1, '#2014': 1, '#amazing': 2, '#awesome': 1}","{'#amazing': 1, '#winterclassic': 3, '#newyearrocks': 63, '#2014': 1, '#seaofblue': 2}","{'#sherlock': 1, '#winterclassic': 1, '#happynewyear': 1, '#newyearrocks': 28}",{'#justloveit': 1},{'#justloveit': 1},,47.7165,8.784460000000001
16,24ad70963ece8c73,,,,,,,,,,,,,{'#2014': 1},,,,,,,46.3457,10.2248
17,29fae76be59ee0d8,,,,,,,,,{'#justloveit': 2},{'#newyearrocks': 2},,,,,,,,,,47.394,7.963769999999999
18,2b7eb2f13dece5be,,,,,,,,,,"{'#winterclassic': 4, '#newyearrocks': 91, '#sherlock': 2, '#hgtvnewyear': 1, '#justloveit': 2, '#happynewyear': 1, '#awesome': 1, '#sherlocklives': 1}","{'#sherlock': 2, '#winterclassic': 1, '#newyearrocks': 65, '#sherlocklives': 1, '#nhl': 1}","{'#newyearrocks': 61, '#nhl': 1}","{'#winterclassic': 1, '#newyearrocks': 55, '#awesome': 2, '#nhl': 1}","{'#winterclassic': 2, '#newyearrocks': 84, '#seaofblue': 1, '#sherlocklives': 1, '#sherlock': 1, '#2014': 2, '#awesome': 1}","{'#happynewyear': 1, '#newyearrocks': 42, '#2014': 1, '#awesome': 1}","{'#newyearrocks': 25, '#amazing': 1}",,,,47.306999999999995,9.95645
19,2ca2be335d5b9641,,,,,,,,,,"{'#winterclassic': 2, '#newyearrocks': 86, '#amazing': 1}","{'#sherlock': 1, '#winterclassic': 4, '#newyearrocks': 55, '#nhl': 1}","{'#winterclassic': 2, '#newyearrocks': 74, '#seaofblue': 1, '#sherlock': 1, '#justloveit': 1, '#2014': 1, '#sherlocklives': 2}","{'#winterclassic': 1, '#newyearrocks': 51}","{'#justloveit': 1, '#newyearrocks': 81, '#2014': 1}","{'#winterclassic': 2, '#newyearrocks': 44}","{'#newyearrocks': 16, '#amazing': 1}",,,{'#justloveit': 1},47.418,7.88775
20,2d20ea19e609e9cb,,,,,,,,,,"{'#winterclassic': 2, '#newyearrocks': 144, '#seaofblue': 1, '#nhl': 1, '#happynewyear': 1, '#2014': 1}","{'#winterclassic': 1, '#newyearrocks': 122, '#sherlock': 1, '#hgtvnewyear': 1, '#2014': 3, '#awesome': 1}","{'#hgtvnewyear': 1, '#justloveit': 1, '#newyearrocks': 98, '#2014': 1}","{'#winterclassic': 2, '#newyearrocks': 131, '#nhl': 1, '#sherlock': 1, '#justloveit': 1, '#2014': 1, '#amazing': 1, '#sherlocklives': 2}","{'#winterclassic': 6, '#newyearrocks': 180, '#seaofblue': 1, '#sherlocklives': 2, '#sherlock': 3, '#happynewyear': 3, '#2014': 3, '#awesome': 1}","{'#newyearrocks': 70, '#seaofblue': 1}","{'#winterclassic': 2, '#happynewyear': 1, '#newyearrocks': 39, '#amazing': 1, '#nhl': 1}",,,{'#justloveit': 1},47.1951,8.88675
21,2dd8a7ca4aa30f75,,,,,,,,,,"{'#winterclassic': 2, '#hgtvnewyear': 1, '#newyearrocks': 99, '#2014': 1, '#awesome': 2}","{'#winterclassic': 1, '#newyearrocks': 62, '#amazing': 1}","{'#newyearrocks': 55, '#2014': 1}","{'#newyearrocks': 66, '#awesome': 1}","{'#winterclassic': 1, '#newyearrocks': 98}","{'#newyearrocks': 47, '#awesome': 1}","{'#justloveit': 1, '#newyearrocks': 19, '#seaofblue': 1}",,{'#justloveit': 1},,46.6898,6.9827
22,2f76c34fafc5d0e1,,,,,,,,,{'#justloveit': 1},"{'#winterclassic': 2, '#justloveit': 1, '#newyearrocks': 70, '#awesome': 2, '#sherlocklives': 1}","{'#winterclassic': 2, '#justloveit': 1, '#newyearrocks': 55, '#2014': 1, '#awesome': 1}","{'#winterclassic': 1, '#newyearrocks': 45, '#2014': 1}","{'#winterclassic': 1, '#newyearrocks': 65, '#nhl': 1, '#sherlocklives': 1, '#hgtvnewyear': 1, '#2014': 1, '#awesome': 1}","{'#winterclassic': 1, '#happynewyear': 1, '#newyearrocks': 109, '#awesome': 2, '#seaofblue': 1}","{'#winterclassic': 1, '#newyearrocks': 46, '#nhl': 1}",{'#newyearrocks': 11},,{'#justloveit': 1},,47.4525,8.19206
23,34368e9fd53b5398,,,,,,,,,,{'#newyearrocks': 1},,,,,,,,,,47.2451,8.22268
24,3539d47306e1b7e2,,,,,,,,,,"{'#winterclassic': 2, '#newyearrocks': 95, '#nhl': 1, '#hgtvnewyear': 1}","{'#sherlock': 1, '#winterclassic': 2, '#newyearrocks': 71, '#awesome': 1}","{'#winterclassic': 1, '#newyearrocks': 76, '#seaofblue': 1, '#sherlock': 1, '#sherlocklives': 1, '#awesome': 1}","{'#sherlock': 1, '#winterclassic': 1, '#happynewyear': 1, '#newyearrocks': 106, '#hgtvnewyear': 1}","{'#winterclassic': 2, '#newyearrocks': 132, '#happynewyear': 1, '#awesome': 1, '#amazing': 1, '#sherlocklives': 1}","{'#sherlock': 1, '#newyearrocks': 62, '#sherlocklives': 2}","{'#sherlock': 3, '#winterclassic': 1, '#justloveit': 1, '#newyearrocks': 17, '#amazing': 1}",{'#justloveit': 1},{'#justloveit': 1},{'#justloveit': 2},47.2623,7.100560000000001
25,35c76cf95b0ffb3a,,,,,,,,,{'#justloveit': 1},"{'#winterclassic': 3, '#newyearrocks': 84, '#sherlock': 1, '#happynewyear': 1, '#2014': 1, '#amazing': 1, '#sherlocklives': 1}","{'#sherlock': 1, '#winterclassic': 2, '#newyearrocks': 43, '#awesome': 1}","{'#hgtvnewyear': 1, '#newyearrocks': 49, '#awesome': 1, '#nhl': 1}","{'#winterclassic': 4, '#newyearrocks': 61, '#2014': 1}","{'#winterclassic': 2, '#happynewyear': 1, '#newyearrocks': 89}","{'#winterclassic': 1, '#happynewyear': 1, '#newyearrocks': 52}","{'#winterclassic': 1, '#newyearrocks': 30, '#sherlock': 1, '#justloveit': 1, '#happynewyear': 1, '#2014': 1, '#sherlocklives': 1}",,,{'#justloveit': 1},46.9502,6.49947
26,36dd395eac920229,,,,,,,,,{'#justloveit': 1},"{'#sherlock': 1, '#happynewyear': 1, '#newyearrocks': 95, '#awesome': 1, '#seaofblue': 1}","{'#sherlock': 2, '#winterclassic': 2, '#newyearrocks': 65, '#hgtvnewyear': 1}","{'#winterclassic': 4, '#newyearrocks': 57, '#sherlocklives': 1, '#awesome': 3}","{'#winterclassic': 1, '#newyearrocks': 76, '#nhl': 1, '#sherlock': 1, '#justloveit': 1, '#sherlocklives': 1, '#awesome': 1}","{'#winterclassic': 1, '#newyearrocks': 104, '#nhl': 1, '#sherlock': 1, '#2014': 2, '#sherlocklives': 1}","{'#sherlock': 1, '#winterclassic': 1, '#newyearrocks': 38, '#awesome': 2}","{'#winterclassic': 2, '#newyearrocks': 27}",,,,46.8497,8.63697
27,36f3609acd29e24a,,,,,,,,,{'#newyearrocks': 2},"{'#sherlock': 1, '#winterclassic': 2, '#newyearrocks': 83, '#2014': 1, '#awesome': 2}","{'#newyearrocks': 60, '#sherlocklives': 1, '#awesome': 3}","{'#winterclassic': 1, '#happynewyear': 1, '#newyearrocks': 62, '#awesome': 2, '#seaofblue': 2}","{'#sherlock': 1, '#winterclassic': 3, '#newyearrocks': 70, '#2014': 1, '#nhl': 1}","{'#winterclassic': 3, '#newyearrocks': 81, '#nhl': 2, '#seaofblue': 2, '#sherlocklives': 2, '#happynewyear': 1, '#2014': 1, '#awesome': 1}","{'#justloveit': 1, '#newyearrocks': 59, '#2014': 1}","{'#sherlock': 1, '#winterclassic': 1, '#newyearrocks': 31}",,{'#justloveit': 1},{'#justloveit': 1},47.2284,9.23498
28,3762f0997bd0c84b,,,,,,,,,,,,{'#2014': 1},,,,,,,,47.4987,8.73303
29,3acb748d0f1e9265,,,,,,,{'#happynewyear': 1},,,,{'#2014': 1},,,,,,,,,47.3774,8.536760000000001
30,3c517991ee905581,,,,,,,,,,"{'#winterclassic': 2, '#newyearrocks': 152, '#sherlocklives': 3, '#sherlock': 2, '#justloveit': 1, '#2014': 1, '#awesome': 3}","{'#winterclassic': 4, '#newyearrocks': 129, '#nhl': 1, '#seaofblue': 1, '#sherlock': 2, '#awesome': 2}","{'#winterclassic': 4, '#newyearrocks': 120, '#seaofblue': 2, '#sherlocklives': 1, '#2014': 1, '#awesome': 1}","{'#winterclassic': 4, '#newyearrocks': 133, '#seaofblue': 1, '#sherlock': 1, '#hgtvnewyear': 1, '#justloveit': 1, '#happynewyear': 1, '#2014': 1, '#sherlocklives': 1}","{'#winterclassic': 2, '#newyearrocks': 182, '#sherlock': 2, '#happynewyear': 1, '#awesome': 1, '#sherlocklives': 1}","{'#winterclassic': 3, '#newyearrocks': 112, '#nhl': 3, '#justloveit': 1, '#2014': 1, '#sherlocklives': 3}","{'#newyearrocks': 29, '#2014': 1, '#awesome': 1}",{'#justloveit': 3},,{'#justloveit': 1},46.6399,9.39073
31,3ecc5abc1ac4c430,,,,,,,,,,"{'#winterclassic': 1, '#sherlocklives': 1, '#newyearrocks': 93, '#2014': 2, '#hgtvnewyear': 1}","{'#sherlock': 1, '#newyearrocks': 51, '#sherlocklives': 1, '#amazing': 1, '#awesome': 1}","{'#sherlock': 1, '#winterclassic': 1, '#happynewyear': 1, '#newyearrocks': 37, '#nhl': 1}","{'#winterclassic': 1, '#newyearrocks': 71, '#sherlock': 1, '#hgtvnewyear': 2, '#awesome': 1, '#amazing': 1}","{'#winterclassic': 1, '#newyearrocks': 69, '#sherlock': 1, '#happynewyear': 1, '#2014': 1, '#sherlocklives': 2}","{'#winterclassic': 1, '#justloveit': 1, '#newyearrocks': 43}","{'#winterclassic': 1, '#newyearrocks': 26}",,{'#justloveit': 1},,47.5092,6.1923
32,4375b927b81ee644,,,,,,,,,,"{'#winterclassic': 1, '#newyearrocks': 78}","{'#winterclassic': 3, '#newyearrocks': 62, '#awesome': 2, '#seaofblue': 1, '#hgtvnewyear': 1}","{'#sherlock': 1, '#winterclassic': 1, '#justloveit': 1, '#newyearrocks': 45, '#awesome': 1}","{'#winterclassic': 1, '#newyearrocks': 59, '#awesome': 1}","{'#sherlock': 1, '#winterclassic': 2, '#justloveit': 1, '#newyearrocks': 92, '#amazing': 2}","{'#justloveit': 3, '#newyearrocks': 43, '#2014': 1, '#awesome': 1}","{'#justloveit': 1, '#newyearrocks': 15}",,{'#justloveit': 1},,47.3245,8.41279
33,46bab8dc17b84bb9,,,,,,,,,,"{'#winterclassic': 3, '#newyearrocks': 84, '#2014': 1}","{'#winterclassic': 1, '#newyearrocks': 49, '#sherlocklives': 1, '#hgtvnewyear': 1}","{'#winterclassic': 1, '#justloveit': 1, '#newyearrocks': 64, '#nhl': 1}","{'#winterclassic': 3, '#newyearrocks': 60}","{'#newyearrocks': 80, '#sherlocklives': 1}",{'#newyearrocks': 33},"{'#winterclassic': 1, '#happynewyear': 1, '#newyearrocks': 17}",,,,47.477,7.832739999999999
34,4d8e5346c1d46473,,,,,,,,,{'#justloveit': 1},"{'#winterclassic': 7, '#newyearrocks': 81, '#2014': 1, '#nhl': 1, '#awesome': 2}","{'#winterclassic': 2, '#justloveit': 1, '#newyearrocks': 64, '#awesome': 2}","{'#sherlock': 1, '#winterclassic': 4, '#justloveit': 1, '#newyearrocks': 47, '#awesome': 1}","{'#winterclassic': 1, '#newyearrocks': 75, '#nhl': 1, '#seaofblue': 1, '#awesome': 3, '#amazing': 2, '#sherlocklives': 1}","{'#winterclassic': 5, '#newyearrocks': 85, '#sherlocklives': 2, '#sherlock': 2, '#happynewyear': 1, '#2014': 1, '#amazing': 1, '#awesome': 1}","{'#winterclassic': 5, '#newyearrocks': 67, '#sherlock': 1, '#justloveit': 1, '#2014': 3, '#sherlocklives': 2}",{'#newyearrocks': 19},{'#justloveit': 1},{'#justloveit': 1},,46.7326,6.57771
35,4f20f3cd10b6074f,,,,,,,,,{'#justloveit': 1},"{'#winterclassic': 4, '#newyearrocks': 76, '#sherlocklives': 1, '#seaofblue': 1}","{'#winterclassic': 1, '#newyearrocks': 54, '#2014': 1, '#seaofblue': 1}","{'#winterclassic': 1, '#newyearrocks': 46}","{'#winterclassic': 1, '#newyearrocks': 70}","{'#newyearrocks': 84, '#seaofblue': 1, '#hgtvnewyear': 1, '#justloveit': 1, '#happynewyear': 1, '#sherlocklives': 1, '#awesome': 1}","{'#sherlock': 1, '#winterclassic': 2, '#newyearrocks': 47, '#awesome': 1, '#sherlocklives': 2}","{'#winterclassic': 1, '#newyearrocks': 21, '#awesome': 2}",,,,46.8197,9.45188
36,502d0556dfd8587d,,,,,,,,,"{'#justloveit': 3, '#newyearrocks': 1}","{'#winterclassic': 4, '#newyearrocks': 318, '#seaofblue': 2, '#sherlocklives': 4, '#sherlock': 2, '#hgtvnewyear': 1, '#justloveit': 2, '#happynewyear': 1, '#2014': 2, '#awesome': 1}","{'#winterclassic': 7, '#newyearrocks': 221, '#nhl': 2, '#seaofblue': 1, '#sherlock': 1, '#hgtvnewyear': 1, '#justloveit': 2, '#awesome': 2, '#amazing': 1, '#sherlocklives': 3}","{'#winterclassic': 7, '#newyearrocks': 227, '#nhl': 1, '#seaofblue': 2, '#sherlocklives': 3, '#hgtvnewyear': 2, '#justloveit': 3, '#2014': 4, '#awesome': 3}","{'#winterclassic': 9, '#newyearrocks': 305, '#sherlock': 4, '#happynewyear': 2, '#2014': 1, '#sherlocklives': 4}","{'#winterclassic': 11, '#newyearrocks': 370, '#seaofblue': 2, '#2014': 3, '#sherlock': 3, '#hgtvnewyear': 1, '#happynewyear': 2, '#nhl': 2, '#awesome': 5, '#amazing': 1, '#sherlocklives': 5}","{'#winterclassic': 6, '#newyearrocks': 211, '#seaofblue': 1, '#justloveit': 1, '#2014': 3, '#sherlocklives': 1}","{'#winterclassic': 4, '#newyearrocks': 87, '#seaofblue': 1, '#nhl': 2, '#sherlock': 1, '#hgtvnewyear': 1, '#justloveit': 1, '#sherlocklives': 1}",{'#justloveit': 2},{'#justloveit': 1},,46.9438,8.41153
37,51ae948e08959af7,,,,,,{'#2014': 1},,,,,,,,,,,,,,45.9904,7.7418
38,55e8f6a95daaa415,,,,,,,,,,"{'#winterclassic': 3, '#newyearrocks': 171, '#seaofblue': 1, '#sherlock': 3, '#hgtvnewyear': 1, '#justloveit': 1, '#awesome': 1}","{'#winterclassic': 3, '#newyearrocks': 120, '#sherlock': 1, '#hgtvnewyear': 1, '#justloveit': 4, '#awesome': 1}","{'#winterclassic': 1, '#newyearrocks': 112, '#sherlock': 1, '#justloveit': 1, '#awesome': 1, '#sherlocklives': 1}","{'#winterclassic': 5, '#newyearrocks': 150, '#nhl': 1, '#sherlock': 1, '#awesome': 1, '#2014': 1}","{'#winterclassic': 5, '#newyearrocks': 198, '#sherlock': 1, '#justloveit': 2, '#happynewyear': 1, '#awesome': 2}","{'#winterclassic': 1, '#newyearrocks': 97, '#nhl': 1, '#sherlock': 1, '#sherlocklives': 1, '#2014': 1}","{'#sherlock': 1, '#newyearrocks': 42}",,,,47.4248,9.63522
39,56241dc469271392,,,,,,,,,{'#justloveit': 1},"{'#winterclassic': 8, '#newyearrocks': 318, '#sherlocklives': 2, '#sherlock': 2, '#justloveit': 3, '#happynewyear': 1, '#2014': 2, '#amazing': 1, '#awesome': 2}","{'#winterclassic': 6, '#newyearrocks': 262, '#sherlocklives': 3, '#sherlock': 2, '#hgtvnewyear': 2, '#justloveit': 1, '#happynewyear': 3, '#2014': 2, '#amazing': 3, '#awesome': 2}","{'#winterclassic': 6, '#newyearrocks': 233, '#nhl': 2, '#sherlocklives': 3, '#sherlock': 1, '#2014': 4, '#amazing': 2, '#awesome': 1}","{'#winterclassic': 7, '#newyearrocks': 272, '#nhl': 1, '#sherlock': 5, '#hgtvnewyear': 1, '#awesome': 5, '#amazing': 1, '#sherlocklives': 3}","{'#winterclassic': 5, '#newyearrocks': 410, '#seaofblue': 2, '#sherlocklives': 2, '#sherlock': 10, '#justloveit': 1, '#happynewyear': 2, '#2014': 2, '#awesome': 4}","{'#winterclassic': 4, '#newyearrocks': 214, '#seaofblue': 1, '#sherlocklives': 1, '#sherlock': 3, '#justloveit': 2, '#2014': 1, '#amazing': 2, '#awesome': 4}","{'#sherlock': 2, '#justloveit': 2, '#newyearrocks': 67, '#seaofblue': 1}",{'#justloveit': 1},{'#justloveit': 2},,46.269,6.22001
40,5970a618d6f5b99f,,,,,,,,,,"{'#winterclassic': 1, '#awesome': 1, '#newyearrocks': 93, '#happynewyear': 1, '#2014': 1, '#amazing': 1, '#sherlocklives': 3}","{'#winterclassic': 1, '#newyearrocks': 43, '#sherlocklives': 1, '#seaofblue': 1, '#awesome': 1}","{'#winterclassic': 1, '#newyearrocks': 46, '#2014': 1, '#nhl': 1, '#sherlocklives': 1}","{'#newyearrocks': 58, '#awesome': 1}","{'#winterclassic': 6, '#newyearrocks': 114, '#awesome': 1, '#sherlocklives': 2}","{'#justloveit': 1, '#newyearrocks': 41, '#2014': 1, '#awesome': 1}","{'#winterclassic': 1, '#newyearrocks': 16}",,{'#justloveit': 1},{'#justloveit': 1},46.8523,6.446969999999999
41,5cecf9ad308793b8,,,,,,,,,,"{'#winterclassic': 1, '#newyearrocks': 91, '#seaofblue': 1, '#sherlock': 1, '#hgtvnewyear': 1, '#sherlocklives': 3}","{'#sherlock': 1, '#winterclassic': 1, '#newyearrocks': 63, '#2014': 1, '#sherlocklives': 2}",{'#newyearrocks': 54},"{'#winterclassic': 1, '#happynewyear': 1, '#newyearrocks': 51, '#amazing': 1, '#seaofblue': 1}","{'#winterclassic': 3, '#newyearrocks': 92, '#seaofblue': 1, '#sherlock': 1, '#justloveit': 1, '#2014': 3}","{'#sherlock': 1, '#happynewyear': 1, '#newyearrocks': 53, '#sherlocklives': 1}","{'#winterclassic': 1, '#newyearrocks': 21, '#nhl': 1}",,,,47.303000000000004,8.60493
42,5ff678f8f92a7ab3,,,,,,,,,,"{'#sherlock': 1, '#hgtvnewyear': 1, '#newyearrocks': 72, '#2014': 1}","{'#justloveit': 2, '#newyearrocks': 59, '#awesome': 1, '#nhl': 1}","{'#sherlock': 1, '#newyearrocks': 58}","{'#winterclassic': 2, '#justloveit': 1, '#happynewyear': 2, '#newyearrocks': 64, '#2014': 1}","{'#sherlock': 2, '#winterclassic': 2, '#newyearrocks': 79, '#sherlocklives': 2}","{'#winterclassic': 3, '#newyearrocks': 46, '#seaofblue': 1, '#nhl': 1, '#sherlock': 1, '#justloveit': 1, '#awesome': 1}",{'#newyearrocks': 23},{'#justloveit': 1},,{'#justloveit': 1},47.3282,7.96952
43,6006a03d67ed7b37,,,,,,,,,,"{'#sherlock': 2, '#winterclassic': 3, '#newyearrocks': 73, '#2014': 2, '#sherlocklives': 3}","{'#sherlock': 1, '#winterclassic': 1, '#newyearrocks': 59}","{'#winterclassic': 1, '#newyearrocks': 62, '#2014': 1}","{'#winterclassic': 5, '#happynewyear': 1, '#newyearrocks': 68, '#seaofblue': 1}","{'#sherlock': 1, '#winterclassic': 2, '#newyearrocks': 91, '#2014': 1, '#hgtvnewyear': 1}","{'#winterclassic': 2, '#newyearrocks': 49, '#seaofblue': 1}","{'#winterclassic': 1, '#newyearrocks': 15, '#seaofblue': 1}",,,{'#justloveit': 1},46.5745,6.5614
44,62f782b1f0ac93a8,,,,,,,,,{'#justloveit': 1},"{'#winterclassic': 8, '#newyearrocks': 327, '#nhl': 1, '#seaofblue': 2, '#sherlocklives': 3, '#sherlock': 2, '#justloveit': 1, '#awesome': 1, '#amazing': 1, '#2014': 2}","{'#winterclassic': 11, '#newyearrocks': 256, '#nhl': 1, '#seaofblue': 1, '#sherlocklives': 2, '#justloveit': 2, '#happynewyear': 2, '#2014': 1, '#amazing': 2, '#awesome': 1}","{'#winterclassic': 6, '#newyearrocks': 205, '#sherlocklives': 1, '#sherlock': 2, '#2014': 2, '#amazing': 1, '#awesome': 1}","{'#winterclassic': 3, '#newyearrocks': 242, '#nhl': 1, '#sherlock': 5, '#justloveit': 1, '#happynewyear': 1, '#awesome': 5, '#amazing': 2, '#sherlocklives': 3}","{'#winterclassic': 9, '#newyearrocks': 380, '#sherlocklives': 4, '#sherlock': 2, '#hgtvnewyear': 3, '#justloveit': 1, '#happynewyear': 2, '#2014': 2, '#amazing': 2, '#awesome': 2}","{'#winterclassic': 7, '#newyearrocks': 202, '#sherlocklives': 3, '#sherlock': 3, '#2014': 1, '#amazing': 1, '#awesome': 1}","{'#newyearrocks': 84, '#2014': 1}",{'#justloveit': 2},{'#justloveit': 2},{'#justloveit': 1},46.4778,9.82697
45,6816d320bb8197f0,,,,,,,,,"{'#justloveit': 1, '#newyearrocks': 1}","{'#winterclassic': 7, '#newyearrocks': 350, '#2014': 1, '#sherlock': 2, '#happynewyear': 1, '#awesome': 2, '#sherlocklives': 2}","{'#winterclassic': 8, '#newyearrocks': 213, '#nhl': 2, '#sherlock': 5, '#awesome': 1, '#amazing': 3, '#sherlocklives': 1}","{'#winterclassic': 7, '#newyearrocks': 249, '#nhl': 1, '#seaofblue': 1, '#sherlock': 4, '#justloveit': 2, '#happynewyear': 1, '#awesome': 1, '#amazing': 1, '#sherlocklives': 3}","{'#winterclassic': 9, '#nhl': 2, '#sherlock': 3, '#hgtvnewyear': 2, '#justloveit': 1, '#happynewyear': 1, '#2014': 1, '#amazing': 1, '#sherlocklives': 5, '#newyearrocks': 274, '#seaofblue': 1, '#awesome': 2}","{'#winterclassic': 12, '#newyearrocks': 350, '#nhl': 4, '#seaofblue': 2, '#sherlocklives': 4, '#sherlock': 3, '#justloveit': 1, '#happynewyear': 1, '#2014': 1, '#amazing': 1, '#awesome': 3}","{'#winterclassic': 3, '#newyearrocks': 177, '#sherlock': 1, '#hgtvnewyear': 1, '#justloveit': 2, '#happynewyear': 1, '#2014': 1, '#awesome': 1}","{'#winterclassic': 1, '#newyearrocks': 70, '#seaofblue': 1, '#sherlock': 1, '#justloveit': 1, '#happynewyear': 1, '#2014': 1, '#sherlocklives': 1}",{'#justloveit': 2},,{'#justloveit': 1},47.6125,10.3326
46,683b36b1d13600e5,,,,,,,,,,{'#newyearrocks': 1},,,,,,,,,,46.1535,7.46789
47,6c07f3233c333f95,,,,{'#2014': 1},,,,,,,,,,,,,,,,46.5287,6.652080000000001
48,70c6ae671f12fbe7,,,,,,,,,,"{'#sherlock': 1, '#justloveit': 1, '#newyearrocks': 97, '#2014': 2}","{'#sherlock': 2, '#winterclassic': 1, '#justloveit': 1, '#newyearrocks': 47, '#nhl': 1}","{'#winterclassic': 1, '#newyearrocks': 52, '#sherlocklives': 2}","{'#winterclassic': 3, '#newyearrocks': 77, '#seaofblue': 1, '#sherlock': 1, '#hgtvnewyear': 1, '#sherlocklives': 2, '#amazing': 1}","{'#winterclassic': 2, '#newyearrocks': 98, '#sherlock': 1, '#awesome': 1, '#sherlocklives': 1, '#amazing': 1, '#2014': 1}","{'#winterclassic': 1, '#newyearrocks': 60}","{'#hgtvnewyear': 1, '#newyearrocks': 21}",{'#justloveit': 1},{'#justloveit': 1},{'#justloveit': 1},47.5758,5.9358
49,721c9e5620d52e2d,,,,,,,,,,,,{'#happynewyear': 1},,,,,,,,47.6908,7.95827
50,734ad0b414bcb46b,,,,,,,,,,"{'#sherlock': 1, '#newyearrocks': 86, '#2014': 1, '#sherlocklives': 1}","{'#winterclassic': 2, '#newyearrocks': 60, '#awesome': 1, '#seaofblue': 1}","{'#sherlock': 1, '#winterclassic': 1, '#newyearrocks': 58, '#2014': 1, '#hgtvnewyear': 2}","{'#winterclassic': 3, '#newyearrocks': 73}","{'#winterclassic': 2, '#justloveit': 1, '#newyearrocks': 94, '#sherlocklives': 1, '#hgtvnewyear': 1}","{'#sherlock': 1, '#justloveit': 1, '#newyearrocks': 64, '#awesome': 1, '#sherlocklives': 1}",{'#newyearrocks': 22},,,,47.5004,7.58778
51,74d6d9c31d99281b,,,,,,,,,{'#newyearrocks': 1},"{'#winterclassic': 2, '#newyearrocks': 73, '#seaofblue': 1, '#happynewyear': 2, '#awesome': 2, '#amazing': 1}","{'#justloveit': 1, '#newyearrocks': 46}","{'#winterclassic': 1, '#newyearrocks': 47, '#nhl': 1, '#hgtvnewyear': 1, '#happynewyear': 1, '#sherlocklives': 1}","{'#winterclassic': 1, '#justloveit': 1, '#happynewyear': 1, '#newyearrocks': 58}","{'#sherlock': 1, '#winterclassic': 1, '#happynewyear': 1, '#newyearrocks': 100}","{'#winterclassic': 1, '#newyearrocks': 51, '#awesome': 1, '#amazing': 1}","{'#happynewyear': 1, '#newyearrocks': 23, '#2014': 1}",,,,47.446999999999996,9.04965
52,7668b962a78513e6,,,,,,,,,,{'#2014': 1},,,,,,{'#sherlock': 1},,,,46.2465,6.133030000000001
53,767e0fef66a9dcbd,,,,,,,,,,"{'#winterclassic': 1, '#newyearrocks': 113, '#sherlocklives': 1}","{'#winterclassic': 2, '#newyearrocks': 86, '#sherlock': 1, '#awesome': 1, '#justloveit': 1, '#2014': 1, '#sherlocklives': 1}","{'#newyearrocks': 84, '#seaofblue': 1, '#hgtvnewyear': 1, '#justloveit': 1, '#sherlocklives': 1, '#amazing': 2}","{'#sherlock': 1, '#winterclassic': 1, '#newyearrocks': 82, '#awesome': 1, '#nhl': 2}","{'#winterclassic': 1, '#newyearrocks': 108, '#seaofblue': 1, '#sherlocklives': 2, '#sherlock': 2, '#hgtvnewyear': 1, '#2014': 2, '#awesome': 1}","{'#winterclassic': 2, '#newyearrocks': 70, '#nhl': 1, '#sherlock': 1, '#justloveit': 1, '#awesome': 1, '#amazing': 1}",{'#newyearrocks': 23},,{'#justloveit': 1},,46.3042,7.50025
54,7a9c153c73c7b204,,,,,,,,,,"{'#winterclassic': 1, '#justloveit': 1, '#newyearrocks': 77, '#2014': 1, '#sherlocklives': 1}",{'#newyearrocks': 44},"{'#winterclassic': 3, '#newyearrocks': 72, '#nhl': 2, '#sherlock': 2, '#hgtvnewyear': 1, '#awesome': 2, '#sherlocklives': 1}","{'#sherlock': 1, '#winterclassic': 1, '#newyearrocks': 57, '#amazing': 1, '#seaofblue': 1}","{'#winterclassic': 5, '#newyearrocks': 98, '#seaofblue': 1, '#nhl': 2, '#awesome': 1, '#sherlocklives': 2}","{'#sherlock': 1, '#justloveit': 1, '#newyearrocks': 55, '#sherlocklives': 1, '#amazing': 1}","{'#justloveit': 2, '#newyearrocks': 24}",,,,47.2207,7.45348
55,7b9c339c3d780a83,,,,,,,,,,"{'#winterclassic': 2, '#newyearrocks': 150, '#sherlocklives': 1, '#hgtvnewyear': 1, '#2014': 1, '#awesome': 2}","{'#winterclassic': 2, '#newyearrocks': 133, '#seaofblue': 1, '#sherlock': 1, '#hgtvnewyear': 3, '#justloveit': 1, '#awesome': 1, '#amazing': 1}","{'#winterclassic': 5, '#newyearrocks': 120, '#nhl': 2, '#2014': 1, '#amazing': 1, '#sherlocklives': 1}","{'#winterclassic': 5, '#newyearrocks': 146, '#nhl': 1, '#seaofblue': 1, '#sherlock': 1, '#awesome': 2, '#sherlocklives': 1}","{'#winterclassic': 5, '#newyearrocks': 191, '#nhl': 1, '#sherlock': 2, '#hgtvnewyear': 1, '#justloveit': 1, '#happynewyear': 2, '#2014': 2, '#sherlocklives': 1}","{'#winterclassic': 3, '#newyearrocks': 91, '#seaofblue': 1, '#sherlock': 2, '#justloveit': 1, '#2014': 1, '#amazing': 1, '#sherlocklives': 1}","{'#justloveit': 1, '#newyearrocks': 44, '#2014': 2, '#sherlocklives': 1}",{'#justloveit': 2},,,46.6789,9.65374
56,7c980a5e615ce8e0,,,,,,,,{'#happynewyear': 1},,,,,,,,,,,,47.0682,7.57774
57,7ffda9f09dc5a31e,,,,,,,,,,{'#newyearrocks': 2},,,,,,,,,,47.7801,8.56213
58,85acd6d34bd39738,,,,,,,,,,"{'#sherlock': 1, '#winterclassic': 1, '#justloveit': 1, '#newyearrocks': 76, '#awesome': 1}","{'#winterclassic': 2, '#newyearrocks': 69, '#sherlock': 1, '#justloveit': 1, '#awesome': 1, '#amazing': 1, '#sherlocklives': 2}","{'#happynewyear': 1, '#newyearrocks': 65}","{'#sherlock': 2, '#hgtvnewyear': 1, '#newyearrocks': 74, '#2014': 2, '#sherlocklives': 1}","{'#winterclassic': 2, '#newyearrocks': 97, '#2014': 1, '#amazing': 1}","{'#winterclassic': 1, '#justloveit': 1, '#newyearrocks': 36, '#sherlocklives': 1}","{'#sherlock': 1, '#winterclassic': 1, '#justloveit': 1, '#newyearrocks': 15, '#sherlocklives': 1}",,,{'#justloveit': 1},47.3519,8.439210000000001
59,86a9acb51d8a745b,,,,,,,,,,"{'#winterclassic': 7, '#happynewyear': 1, '#newyearrocks': 84, '#2014': 1, '#sherlocklives': 1}","{'#justloveit': 1, '#newyearrocks': 59}","{'#winterclassic': 1, '#newyearrocks': 57, '#seaofblue': 1, '#sherlock': 2, '#hgtvnewyear': 1, '#justloveit': 1}","{'#winterclassic': 2, '#newyearrocks': 62, '#seaofblue': 1, '#sherlock': 2, '#justloveit': 1, '#sherlocklives': 1}","{'#winterclassic': 3, '#newyearrocks': 91, '#justloveit': 1, '#awesome': 1, '#amazing': 1, '#sherlocklives': 1}","{'#newyearrocks': 50, '#2014': 2}","{'#newyearrocks': 23, '#justloveit': 1, '#awesome': 1, '#sherlocklives': 1, '#2014': 2}",,,{'#justloveit': 1},47.5387,7.96221
60,8ae76f5160e1e265,{'#sherlocklives': 1},,,,,,,,,,,,,,,,,,,46.1719,6.74315
61,8b3e53628223753a,,,,,,,,,,,,,,,,{'#amazing': 2},,,,47.0408,8.317210000000001
62,8b7cbafb12762a2e,,,,,,,,,{'#justloveit': 1},"{'#sherlock': 1, '#happynewyear': 3, '#newyearrocks': 77, '#sherlocklives': 1, '#awesome': 1}","{'#winterclassic': 1, '#justloveit': 2, '#newyearrocks': 67}","{'#winterclassic': 1, '#newyearrocks': 65, '#2014': 1, '#awesome': 1}","{'#sherlock': 1, '#winterclassic': 1, '#newyearrocks': 75, '#sherlocklives': 1, '#amazing': 1}","{'#winterclassic': 1, '#newyearrocks': 80, '#sherlock': 1, '#hgtvnewyear': 1, '#happynewyear': 1, '#awesome': 1, '#amazing': 1}","{'#sherlock': 1, '#newyearrocks': 48}","{'#justloveit': 1, '#newyearrocks': 18}",,,,47.1389,7.440119999999999
63,8fa0bb473cc614b3,,,,,,,,,,"{'#winterclassic': 2, '#newyearrocks': 80, '#nhl': 1, '#seaofblue': 1, '#hgtvnewyear': 1, '#sherlocklives': 1, '#awesome': 1}","{'#newyearrocks': 62, '#sherlocklives': 1, '#sherlock': 2, '#happynewyear': 2, '#2014': 3, '#amazing': 1, '#awesome': 1}","{'#sherlock': 1, '#winterclassic': 1, '#newyearrocks': 56, '#awesome': 1, '#amazing': 1}","{'#sherlock': 2, '#winterclassic': 3, '#newyearrocks': 64, '#awesome': 1, '#nhl': 1}","{'#winterclassic': 1, '#newyearrocks': 82, '#sherlock': 1, '#happynewyear': 1, '#awesome': 1, '#amazing': 1}","{'#winterclassic': 1, '#newyearrocks': 50, '#2014': 1, '#awesome': 1}","{'#winterclassic': 1, '#newyearrocks': 12}",,{'#justloveit': 1},,46.8973,8.01834
64,9519e0c07aa9b0f4,,,,,,,,,,"{'#sherlock': 2, '#winterclassic': 2, '#newyearrocks': 115, '#awesome': 1, '#sherlocklives': 1}","{'#winterclassic': 1, '#newyearrocks': 73, '#seaofblue': 1, '#sherlocklives': 1, '#sherlock': 1, '#2014': 1, '#awesome': 2}","{'#newyearrocks': 77, '#seaofblue': 1, '#sherlock': 1, '#hgtvnewyear': 1, '#justloveit': 1, '#awesome': 1}","{'#sherlock': 1, '#winterclassic': 3, '#newyearrocks': 104, '#2014': 1, '#awesome': 1}","{'#sherlock': 1, '#winterclassic': 1, '#happynewyear': 1, '#newyearrocks': 101, '#2014': 2}","{'#sherlock': 1, '#winterclassic': 2, '#justloveit': 2, '#happynewyear': 1, '#newyearrocks': 59}","{'#sherlock': 2, '#winterclassic': 2, '#newyearrocks': 29}",,,{'#justloveit': 1},46.207,7.84833
65,97dbe024dba193ad,,,,,,,,,,"{'#winterclassic': 3, '#newyearrocks': 87, '#2014': 2, '#awesome': 1}","{'#winterclassic': 2, '#newyearrocks': 49, '#nhl': 1, '#sherlock': 5, '#sherlocklives': 2, '#amazing': 1}","{'#winterclassic': 2, '#newyearrocks': 53}","{'#sherlock': 1, '#winterclassic': 3, '#newyearrocks': 67, '#sherlocklives': 2, '#amazing': 1}","{'#winterclassic': 2, '#newyearrocks': 103, '#nhl': 1, '#seaofblue': 2, '#sherlock': 1, '#happynewyear': 1, '#awesome': 1, '#sherlocklives': 1}","{'#sherlock': 2, '#winterclassic': 3, '#newyearrocks': 49}",{'#newyearrocks': 22},,,{'#justloveit': 5},46.7661,7.06734
66,9b6e8fa88c5750bf,,,,,,,,,,"{'#sherlock': 1, '#winterclassic': 2, '#justloveit': 1, '#newyearrocks': 68, '#awesome': 1}","{'#winterclassic': 1, '#justloveit': 1, '#newyearrocks': 50, '#sherlocklives': 1, '#amazing': 1}","{'#winterclassic': 2, '#awesome': 3, '#newyearrocks': 58, '#2014': 1, '#sherlocklives': 1}","{'#sherlock': 2, '#winterclassic': 1, '#happynewyear': 1, '#newyearrocks': 63}","{'#winterclassic': 4, '#newyearrocks': 93, '#sherlock': 2, '#2014': 1, '#amazing': 1, '#awesome': 1}","{'#winterclassic': 2, '#justloveit': 1, '#newyearrocks': 40, '#awesome': 1}","{'#winterclassic': 2, '#justloveit': 1, '#newyearrocks': 17}",,,,47.6518,6.44525
67,9d9d2f806d153f47,,,,,,,,,,"{'#winterclassic': 1, '#newyearrocks': 99, '#2014': 1, '#hgtvnewyear': 4}","{'#winterclassic': 1, '#happynewyear': 1, '#newyearrocks': 60}","{'#winterclassic': 1, '#newyearrocks': 44}","{'#winterclassic': 2, '#newyearrocks': 83, '#nhl': 1, '#sherlock': 1, '#happynewyear': 1, '#sherlocklives': 1, '#awesome': 1}","{'#sherlock': 1, '#newyearrocks': 96, '#2014': 1}","{'#sherlock': 2, '#newyearrocks': 53, '#sherlocklives': 1, '#awesome': 1}","{'#newyearrocks': 23, '#awesome': 1, '#seaofblue': 1}",,{'#justloveit': 2},,47.2448,8.91476
68,a0bf807727362772,,,,,,,,,,{'#newyearrocks': 4},,,,,,,,,,47.0814,8.44867
69,a3451463fa855e90,,,,,,,,,,"{'#winterclassic': 1, '#justloveit': 2, '#happynewyear': 1, '#newyearrocks': 109}","{'#newyearrocks': 80, '#2014': 2, '#sherlocklives': 1}","{'#winterclassic': 4, '#newyearrocks': 87, '#sherlock': 1, '#hgtvnewyear': 1, '#awesome': 1, '#sherlocklives': 1}","{'#winterclassic': 5, '#newyearrocks': 92, '#awesome': 1, '#hgtvnewyear': 1}","{'#sherlock': 1, '#winterclassic': 3, '#happynewyear': 1, '#newyearrocks': 132, '#awesome': 2}","{'#justloveit': 1, '#newyearrocks': 65}","{'#sherlock': 2, '#happynewyear': 1, '#newyearrocks': 30}",,,{'#justloveit': 1},47.7426,8.65255
70,a5f2fd8e487bdb60,,,,,,,,,,"{'#winterclassic': 1, '#newyearrocks': 89, '#nhl': 1, '#seaofblue': 1, '#sherlocklives': 1, '#2014': 2, '#awesome': 1}","{'#sherlock': 1, '#winterclassic': 1, '#newyearrocks': 60, '#2014': 2}","{'#newyearrocks': 53, '#sherlocklives': 1, '#amazing': 1}","{'#winterclassic': 2, '#newyearrocks': 70, '#2014': 1, '#seaofblue': 1}","{'#winterclassic': 3, '#newyearrocks': 81, '#awesome': 1, '#sherlocklives': 1}","{'#newyearrocks': 43, '#awesome': 1, '#amazing': 1}","{'#sherlock': 1, '#newyearrocks': 15, '#2014': 1}",,,,47.5194,7.55358
71,adbcca111b4be0f2,,,,,,,,,,"{'#winterclassic': 6, '#justloveit': 1, '#newyearrocks': 91, '#2014': 2, '#seaofblue': 1}","{'#sherlock': 1, '#winterclassic': 3, '#newyearrocks': 64, '#awesome': 1, '#seaofblue': 2}","{'#sherlock': 1, '#winterclassic': 1, '#newyearrocks': 68, '#sherlocklives': 1}","{'#sherlock': 1, '#winterclassic': 1, '#newyearrocks': 65}","{'#winterclassic': 2, '#newyearrocks': 95}","{'#newyearrocks': 48, '#2014': 1}","{'#newyearrocks': 18, '#seaofblue': 1}",{'#justloveit': 1},{'#justloveit': 3},,47.4715,9.09968
72,b2543cffd01745b5,,,,,,,,,{'#justloveit': 1},"{'#winterclassic': 1, '#newyearrocks': 73, '#seaofblue': 1, '#sherlock': 2, '#hgtvnewyear': 1, '#sherlocklives': 2}","{'#newyearrocks': 49, '#sherlocklives': 1}","{'#hgtvnewyear': 1, '#newyearrocks': 63, '#sherlocklives': 2}","{'#amazing': 1, '#winterclassic': 2, '#newyearrocks': 69, '#awesome': 1, '#nhl': 1}","{'#sherlock': 3, '#winterclassic': 4, '#newyearrocks': 98, '#nhl': 2}","{'#winterclassic': 2, '#justloveit': 1, '#newyearrocks': 48, '#seaofblue': 1}","{'#sherlock': 1, '#winterclassic': 1, '#justloveit': 1, '#newyearrocks': 17}",{'#justloveit': 1},{'#justloveit': 1},,46.57,6.62918
73,b2a6797ee78a364a,,,,,,,,,,"{'#winterclassic': 3, '#newyearrocks': 68, '#seaofblue': 1, '#nhl': 1, '#sherlock': 1, '#justloveit': 1, '#2014': 1, '#amazing': 1}","{'#winterclassic': 1, '#happynewyear': 1, '#newyearrocks': 70, '#seaofblue': 1, '#amazing': 1}","{'#winterclassic': 1, '#newyearrocks': 51}","{'#winterclassic': 2, '#newyearrocks': 55, '#sherlock': 1, '#awesome': 1, '#2014': 1, '#sherlocklives': 1}","{'#justloveit': 1, '#newyearrocks': 84, '#awesome': 1}","{'#sherlock': 1, '#newyearrocks': 36}","{'#newyearrocks': 22, '#sherlocklives': 1}",,,,47.6414,8.66913
74,b630334af8134940,,,,,,,,,,"{'#sherlock': 3, '#winterclassic': 4, '#justloveit': 1, '#newyearrocks': 125, '#sherlocklives': 2}","{'#winterclassic': 4, '#newyearrocks': 80, '#sherlock': 1, '#justloveit': 1, '#happynewyear': 1, '#sherlocklives': 1}","{'#sherlock': 1, '#winterclassic': 1, '#newyearrocks': 56, '#sherlocklives': 1, '#seaofblue': 1}","{'#winterclassic': 2, '#newyearrocks': 78, '#seaofblue': 1, '#sherlocklives': 4, '#sherlock': 2, '#2014': 1, '#amazing': 1, '#awesome': 1}","{'#winterclassic': 4, '#newyearrocks': 120, '#sherlock': 2, '#justloveit': 1, '#sherlocklives': 3, '#amazing': 1}","{'#winterclassic': 4, '#happynewyear': 1, '#newyearrocks': 68}",{'#newyearrocks': 30},,{'#justloveit': 1},,47.3056,7.33212
75,b86c787b5bedb48e,{'#2014': 1},,,,,,,,,,,,,,,,,,,46.1359,10.2291
76,bc9f6b50b705f84b,,,,,,,,,,"{'#winterclassic': 2, '#newyearrocks': 73, '#awesome': 1, '#sherlocklives': 3}","{'#newyearrocks': 47, '#seaofblue': 1}","{'#winterclassic': 4, '#newyearrocks': 67, '#seaofblue': 1, '#sherlock': 1, '#justloveit': 1, '#happynewyear': 1, '#2014': 1, '#sherlocklives': 1}","{'#hgtvnewyear': 1, '#happynewyear': 3, '#newyearrocks': 56}","{'#winterclassic': 2, '#newyearrocks': 75, '#2014': 1, '#sherlock': 1, '#happynewyear': 1, '#sherlocklives': 1, '#awesome': 1}","{'#winterclassic': 3, '#happynewyear': 1, '#newyearrocks': 41, '#sherlocklives': 1, '#seaofblue': 1}","{'#newyearrocks': 22, '#amazing': 1}",,{'#justloveit': 1},,47.4409,9.28226
77,c28adef08d26b813,,,,,,,,,,{'#2014': 2},,,,,,,,,,46.9681,6.873469999999999
78,c3a6437e1b1a726d,,{'#2014': 1},,,,,{'#2014': 1},,,,,,,,,,,,,46.2048,6.14319
79,c59280cab008ddc2,,,,,,,,,,"{'#winterclassic': 2, '#newyearrocks': 156, '#nhl': 1, '#sherlocklives': 1, '#justloveit': 1, '#happynewyear': 1, '#2014': 4, '#awesome': 1}","{'#winterclassic': 2, '#newyearrocks': 132, '#sherlock': 1, '#justloveit': 1, '#happynewyear': 1, '#2014': 1, '#sherlocklives': 1}","{'#winterclassic': 3, '#justloveit': 1, '#happynewyear': 1, '#newyearrocks': 77, '#sherlocklives': 1}","{'#sherlock': 2, '#winterclassic': 2, '#newyearrocks': 138, '#awesome': 1}","{'#winterclassic': 5, '#newyearrocks': 185, '#sherlock': 1, '#hgtvnewyear': 1, '#awesome': 1, '#sherlocklives': 2}","{'#winterclassic': 2, '#newyearrocks': 78, '#awesome': 2, '#justloveit': 1, '#happynewyear': 1, '#2014': 1, '#sherlocklives': 1}","{'#happynewyear': 1, '#newyearrocks': 46, '#awesome': 1}",,{'#justloveit': 1},,47.0493,8.39059
80,c93b962be26701bd,,,,,,,,,{'#newyearrocks': 1},{'#newyearrocks': 1},,,,,,,,,,47.4752,9.36508
81,cd90d2410dd24cf8,,,,,,,,,,{'#newyearrocks': 1},,,,,,,,,,46.2101,9.14503
82,ce94bd52638f7962,,,,,,,,,,{'#newyearrocks': 2},,,,,,,,,,46.8801,8.58825
83,d135f4681de4d900,{'#happynewyear': 1},,,,,,,,,,,,,,,"{'#happynewyear': 1, '#2014': 1}",,,,46.4927,10.4121
84,d15976ff71484e03,,,,,,,,,{'#newyearrocks': 2},"{'#winterclassic': 1, '#justloveit': 1, '#newyearrocks': 162, '#2014': 2, '#sherlocklives': 1}","{'#sherlock': 2, '#winterclassic': 2, '#justloveit': 4, '#newyearrocks': 116}","{'#sherlock': 2, '#winterclassic': 1, '#newyearrocks': 114, '#awesome': 2}","{'#winterclassic': 2, '#newyearrocks': 140, '#seaofblue': 1, '#sherlock': 4, '#awesome': 2, '#amazing': 1, '#sherlocklives': 3}","{'#winterclassic': 7, '#newyearrocks': 178, '#sherlock': 3, '#hgtvnewyear': 1, '#awesome': 1, '#amazing': 1, '#sherlocklives': 1}","{'#sherlock': 1, '#justloveit': 1, '#newyearrocks': 102, '#2014': 1, '#sherlocklives': 1}","{'#winterclassic': 1, '#newyearrocks': 42, '#sherlocklives': 1, '#nhl': 1, '#hgtvnewyear': 1}",{'#justloveit': 1},{'#justloveit': 2},,46.1165,8.53416
85,d1aa4cf1776309c6,,,,,,,,,,,,,{'#2014': 1},,,,,,,46.3262,8.02689
86,d38e9dab9057d2d9,,,,,,,,,{'#justloveit': 1},"{'#winterclassic': 11, '#newyearrocks': 329, '#seaofblue': 1, '#sherlock': 4, '#hgtvnewyear': 5, '#justloveit': 2, '#happynewyear': 1, '#sherlocklives': 3, '#amazing': 1, '#2014': 2}","{'#winterclassic': 6, '#newyearrocks': 233, '#sherlock': 4, '#hgtvnewyear': 1, '#justloveit': 2, '#happynewyear': 1, '#awesome': 1, '#amazing': 3, '#sherlocklives': 2}","{'#winterclassic': 4, '#newyearrocks': 234, '#sherlocklives': 1, '#sherlock': 2, '#justloveit': 1, '#happynewyear': 1, '#2014': 1, '#amazing': 1, '#awesome': 2}","{'#winterclassic': 3, '#newyearrocks': 280, '#nhl': 1, '#sherlocklives': 3, '#sherlock': 5, '#hgtvnewyear': 1, '#happynewyear': 1, '#2014': 4, '#amazing': 1, '#awesome': 1}","{'#winterclassic': 8, '#newyearrocks': 392, '#nhl': 2, '#seaofblue': 1, '#sherlock': 1, '#hgtvnewyear': 2, '#justloveit': 1, '#happynewyear': 3, '#awesome': 5, '#sherlocklives': 1}","{'#winterclassic': 5, '#newyearrocks': 208, '#seaofblue': 1, '#nhl': 1, '#sherlocklives': 1, '#sherlock': 4, '#justloveit': 1, '#happynewyear': 2, '#awesome': 1, '#amazing': 1, '#2014': 1}","{'#winterclassic': 2, '#newyearrocks': 68, '#nhl': 2, '#justloveit': 1, '#sherlocklives': 2, '#awesome': 1}",,{'#justloveit': 1},,46.9169,8.99686
87,d3af3df47d1cca86,,,,,,,,,,,,,{'#2014': 1},,,,,,,45.8755,9.93648
88,d434ec28fbb6451a,,,,,,,,,,"{'#sherlock': 1, '#winterclassic': 3, '#newyearrocks': 61}","{'#winterclassic': 3, '#newyearrocks': 49, '#awesome': 2, '#sherlocklives': 1}","{'#winterclassic': 1, '#happynewyear': 1, '#newyearrocks': 54, '#nhl': 1}","{'#winterclassic': 4, '#happynewyear': 2, '#newyearrocks': 70, '#sherlocklives': 3, '#awesome': 1}","{'#sherlock': 2, '#hgtvnewyear': 1, '#newyearrocks': 71, '#sherlocklives': 1, '#amazing': 1}","{'#winterclassic': 1, '#newyearrocks': 50, '#seaofblue': 1, '#sherlocklives': 2, '#happynewyear': 2, '#2014': 3, '#awesome': 2}","{'#winterclassic': 1, '#newyearrocks': 19, '#sherlocklives': 1}",,,,46.7272,6.75557
89,d630bd8c9ce6e3c8,,,,,,,,,,"{'#sherlock': 1, '#winterclassic': 2, '#newyearrocks': 95, '#seaofblue': 1, '#hgtvnewyear': 2}","{'#winterclassic': 1, '#justloveit': 1, '#newyearrocks': 73, '#2014': 1}","{'#winterclassic': 1, '#newyearrocks': 58}","{'#sherlock': 1, '#winterclassic': 1, '#newyearrocks': 70, '#awesome': 1, '#amazing': 1}","{'#winterclassic': 2, '#newyearrocks': 90, '#nhl': 1, '#sherlocklives': 1, '#sherlock': 1, '#happynewyear': 2, '#2014': 2, '#amazing': 1, '#awesome': 1}","{'#newyearrocks': 46, '#2014': 1}","{'#winterclassic': 1, '#newyearrocks': 22, '#sherlocklives': 1, '#seaofblue': 1, '#hgtvnewyear': 1}",,,{'#justloveit': 1},47.2764,8.72689
90,d634e9b0a9802b08,,,,,,,,,,,,{'#2014': 1},,,,,,,,46.1893,6.24786
91,d969dab4efecff93,,,,,,,,,,,,,,,,,,{'#sherlock': 1},,47.7525,7.325539999999999
92,ddcca24ee29ddff2,,,,,,,,,,"{'#newyearrocks': 2, '#2014': 1}",,,,,,,,,,46.1795,6.14126
93,e05f924dfaa5f5b5,,,,,,,,,,,,,,,,,,"{'#happynewyear': 1, '#2014': 1}",,46.1805,9.6468
94,e541014f5173555a,,,,,,,,,,,,,,,,,,{'#sherlock': 1},,45.8062,10.0391
95,e58fd315772ce063,,,,,,,,,,,,,,,,{'#2014': 1},,,,45.8134,8.38236
96,e89dcbdcde478d67,,,,,,,,,,{'#newyearrocks': 1},,,,,,,,,,47.4747,9.37045
97,ebbaaa974b062937,,,,,,,,,{'#justloveit': 1},"{'#winterclassic': 1, '#newyearrocks': 82, '#sherlocklives': 2, '#sherlock': 1, '#2014': 1, '#awesome': 1}","{'#newyearrocks': 57, '#seaofblue': 1, '#sherlock': 1, '#justloveit': 3, '#happynewyear': 1, '#awesome': 1}","{'#sherlock': 1, '#winterclassic': 1, '#newyearrocks': 65, '#seaofblue': 1}","{'#winterclassic': 2, '#newyearrocks': 66}","{'#winterclassic': 1, '#happynewyear': 1, '#newyearrocks': 93, '#2014': 3, '#sherlocklives': 1}","{'#sherlock': 2, '#newyearrocks': 55, '#sherlocklives': 1}","{'#hgtvnewyear': 1, '#newyearrocks': 22, '#awesome': 1}",,{'#justloveit': 1},{'#justloveit': 1},47.5518,9.16474
98,ed643913fb3cab42,,,,,,,,,,{'#2014': 1},,,,,,,,,,46.6844,7.85768
99,ee3f5e5627afb978,,,,,,{'#2014': 1},,,,,,,,,,,,,,45.9537,9.496139999999999
100,f0fa06ecba19db29,,,,,,,,,{'#justloveit': 1},"{'#winterclassic': 3, '#newyearrocks': 99, '#awesome': 1, '#amazing': 1, '#sherlocklives': 1}","{'#winterclassic': 3, '#happynewyear': 2, '#newyearrocks': 58, '#awesome': 1}","{'#winterclassic': 3, '#newyearrocks': 58}","{'#winterclassic': 2, '#newyearrocks': 69, '#nhl': 1, '#awesome': 1, '#happynewyear': 1, '#sherlocklives': 1, '#2014': 1}","{'#winterclassic': 3, '#newyearrocks': 85, '#sherlock': 1, '#happynewyear': 1, '#2014': 1, '#amazing': 1, '#awesome': 2}",{'#newyearrocks': 47},"{'#happynewyear': 1, '#newyearrocks': 19}",{'#justloveit': 1},,,46.8355,6.89283
101,f1993d4a5654aea2,,,,,,,,,,{'#newyearrocks': 1},,,,,,,,,,46.3592,6.92744
102,f2446ed730eca93e,,,,,,,,,{'#justloveit': 1},,,,,,,,,,,46.7932,6.85699
103,f2e7e4fdc8cb8f49,,,,,,,,,"{'#happynewyear': 1, '#2014': 1}",{'#2014': 1},,,,,,,,,,45.8314,6.951039999999999
104,f4ba724a1a8b4ab5,,,,,,,,,{'#justloveit': 1},"{'#winterclassic': 1, '#newyearrocks': 103, '#nhl': 1, '#sherlock': 2, '#hgtvnewyear': 1, '#justloveit': 1, '#awesome': 2, '#amazing': 1, '#sherlocklives': 1}","{'#sherlock': 2, '#winterclassic': 1, '#newyearrocks': 63, '#awesome': 1}","{'#sherlock': 3, '#winterclassic': 3, '#newyearrocks': 56, '#sherlocklives': 1, '#hgtvnewyear': 1}","{'#winterclassic': 2, '#newyearrocks': 71, '#nhl': 1}","{'#winterclassic': 4, '#happynewyear': 1, '#newyearrocks': 94, '#nhl': 1}","{'#sherlock': 1, '#winterclassic': 2, '#newyearrocks': 63, '#2014': 1, '#awesome': 1}","{'#hgtvnewyear': 1, '#newyearrocks': 15, '#winterclassic': 1}",{'#justloveit': 1},,{'#justloveit': 2},47.1625,7.64629
105,faa0e3af340f3878,,,,,,,,,{'#justloveit': 2},"{'#sherlock': 1, '#winterclassic': 2, '#newyearrocks': 76, '#sherlocklives': 1, '#seaofblue': 1}","{'#sherlock': 3, '#winterclassic': 2, '#happynewyear': 2, '#newyearrocks': 66, '#nhl': 2}","{'#newyearrocks': 54, '#sherlocklives': 3}","{'#winterclassic': 1, '#newyearrocks': 75, '#awesome': 1}","{'#winterclassic': 2, '#justloveit': 3, '#newyearrocks': 98, '#seaofblue': 1, '#nhl': 1}",{'#newyearrocks': 38},"{'#newyearrocks': 19, '#awesome': 1}",{'#justloveit': 2},,,47.1259,8.314589999999999
106,fb499cd9568448fc,,,,,,,,,,"{'#winterclassic': 1, '#newyearrocks': 102, '#2014': 1, '#sherlocklives': 2}","{'#winterclassic': 1, '#justloveit': 1, '#newyearrocks': 56}","{'#sherlock': 1, '#justloveit': 1, '#newyearrocks': 60}","{'#newyearrocks': 68, '#awesome': 1}","{'#winterclassic': 1, '#newyearrocks': 96, '#seaofblue': 1, '#nhl': 1, '#sherlock': 2, '#hgtvnewyear': 1, '#justloveit': 1, '#2014': 1, '#amazing': 1, '#sherlocklives': 3}","{'#winterclassic': 2, '#justloveit': 1, '#newyearrocks': 29, '#2014': 1}",{'#newyearrocks': 17},,,,46.2531,6.27061
107,fb64f03ca05c9c4d,,,,,,,,,,{'#newyearrocks': 1},,,,,,,,,,47.1925,8.64274
108,fc58a3476b706856,,,,,,,,,,"{'#winterclassic': 2, '#newyearrocks': 125, '#seaofblue': 1, '#sherlocklives': 1, '#sherlock': 1, '#happynewyear': 1, '#2014': 1, '#awesome': 2}","{'#winterclassic': 5, '#newyearrocks': 90, '#seaofblue': 1, '#sherlock': 1, '#sherlocklives': 1, '#amazing': 1}","{'#sherlock': 1, '#newyearrocks': 68}","{'#winterclassic': 3, '#newyearrocks': 100, '#sherlock': 1, '#awesome': 1, '#amazing': 1, '#sherlocklives': 2}","{'#sherlock': 3, '#winterclassic': 1, '#newyearrocks': 129, '#awesome': 1, '#sherlocklives': 1}","{'#justloveit': 1, '#newyearrocks': 44, '#sherlocklives': 1}","{'#winterclassic': 2, '#sherlocklives': 1, '#newyearrocks': 31, '#2014': 1, '#awesome': 2}",,{'#justloveit': 1},,47.7258,8.63805
109,ff8ee52edf03e6bd,,,,,,,,,{'#justloveit': 1},"{'#sherlock': 2, '#happynewyear': 1, '#newyearrocks': 82, '#sherlocklives': 1, '#awesome': 1}","{'#sherlock': 1, '#winterclassic': 1, '#newyearrocks': 65, '#2014': 1}","{'#hgtvnewyear': 1, '#justloveit': 1, '#happynewyear': 1, '#newyearrocks': 43}","{'#winterclassic': 1, '#newyearrocks': 56, '#sherlocklives': 1}","{'#sherlock': 2, '#winterclassic': 2, '#newyearrocks': 84, '#nhl': 1, '#hgtvnewyear': 1}","{'#winterclassic': 1, '#justloveit': 1, '#newyearrocks': 45, '#2014': 1}","{'#winterclassic': 2, '#happynewyear': 1, '#newyearrocks': 25, '#awesome': 1}",{'#justloveit': 2},,{'#justloveit': 1},46.0509,9.19546
